id,title,year,genre,technique,support,dimensions_h_w,location,url_imagine
1,Unter den Linden nach dem Regen,1888,cityscape,oil,canvas,80 x 100,"National Gallery, Berlin",https://upload.wikimedia.org/wikipedia/commons/thumb/4/45/Lesser_Ury_1888_Unter_den_Linden_nach_dem_Regen.JPG/681px-Lesser_Ury_1888_Unter_den_Linden_nach_dem_Regen.JPG
2,Leipziger Straße,1889,cityscape,oil,canvas,70 x 90,Private collection,https://upload.wikimedia.org/wikipedia/commons/thumb/4/4e/Lesser_Ury_1889_Leipziger_Stra%C3%9Fe.JPG/556px-Lesser_Ury_1889_Leipziger_Stra%C3%9Fe.JPG
3,Tiergarten im Winter,1892,landscape,oil,cardboard,60 x 80,"Museum of Modern Art, Munich",https://upload.wikimedia.org/wikipedia/commons/thumb/a/a3/Lesser_Ury_Tiergarten_im_Winter_1892.jpg/637px-Lesser_Ury_Tiergarten_im_Winter_1892.jpg?20111114201111
4,Häuser am Fluss mit einer waschenden Frau,1894,genre scene,oil,canvas,90 x 120,Private collection,https://uploads1.wikiart.org/images/lesser-ury/h-user-am-fluss-mit-einer-waschenden-frau-1894.jpg!Large.jpg
5,Abend im Café Bauer,1898,interior scene,oil,canvas,75 x 105,Berlin History Museum,https://upload.wikimedia.org/wikipedia/commons/thumb/a/a7/Lesser_Ury_1898_Abend_im_Cafe_Bauer.JPG/651px-Lesser_Ury_1898_Abend_im_Cafe_Bauer.JPG
6,Woman at writing desk,1898,interior scene,oil,canvas,65 x 85,Private collection,https://arthive.com/res/media/img/orig/work/14e/339241@2x.webp
7,Frau und Droschke,1899,genre scene,oil,canvas,80 x 110,"Museum of Art, Hamburg",https://upload.wikimedia.org/wikipedia/commons/thumb/6/63/Lesser_Ury_Frau_und_Droschke_1899.jpg/662px-Lesser_Ury_Frau_und_Droschke_1899.jpg?20101207090120
8,Nollendorfplatz bei Nacht,1889,cityscape,oil,cardboard,70 x 90,Private collection,https://smb.museum-digital.de/data/smb/resources/images/202304/500w_643c0facecef5.jpg
9,Im Café Bauer,1895,interior scene,oil,canvas,32 x 45,Private collection,https://d7hftxdivxxvm.cloudfront.net/?height=400&quality=80&resize_to=fit&src=https%3A%2F%2Fd32dm0rphc51dk.cloudfront.net%2FU60RKK89p79DEVE6Dk-SSg%2Flarger.jpg&width=400
10,Am Bahnhof Friedrichstraße,1888,cityscape,oil,canvas,80 x 110,Private collection,https://upload.wikimedia.org/wikipedia/commons/thumb/c/c2/Lesser_Ury_1888_Am_Bahnhof_Friedrichstra%C3%9Fe.JPG/621px-Lesser_Ury_1888_Am_Bahnhof_Friedrichstra%C3%9Fe.JPG
11,Estaminet - Flemish Tavern,1884,genre scene,oil,canvas,100.5 x 52,Private collection,https://uploads2.wikiart.org/images/lesser-ury/estaminet-flemish-tavern-1884.jpg!Large.jpg
12,Lying Nude,1889,figure painting,oil,canvas,94 x 176,Private collection,https://uploads6.wikiart.org/images/lesser-ury/lying-nude-1889.jpg!Large.jpg
13,Brücke im Mondschein – London,1926,cityscape,oil,canvas,"34 × 24,1",Private collection,https://www.ludorff.com/assets/images/_larger2880/LU_M_3.006.jpg
14,An der Havel in einem Gartenrestaurant,1925,landscape,oil,canvas,32.3 × 24.5,Private collection,https://www.ludorff.com/assets/images/_large960/LU_M_19.010.jpg
15,Havel-Landschaft mit Booten,1927,landscape,oil,canvas,32.3 × 24.5,Private collection,https://artorigo.com/ao_products/35188/m/fine-art-paintings-19th-century-1800-1899-impressionist-lesser-ury-art1900--223548.jpg
16,Im Café – Frau in Rot,1911,interior scene,oil,canvas,57 x 64,Private collection,https://asset.museum-digital.org/smb/resources/images/202304/500w_643c1866c6ca0.jpg
17,Pariser Interieur (lesende Frau am Fenster),1900,interior scene,oil,canvas,"55,5 x 32,5",Private collection,https://www.meisterdrucke.de/kunstwerke/1000px/Lesser_Ury_-_Pariser_Interieur_%28lesende_Frau_am_Fenster%29_-_%28MeisterDrucke-685144%29.jpg
18,Sonnenuntergang am Grunewaldsee (etching),1924,landscape,etching,paper, 22 × 16 ,Private collection,https://www.ludorff.com/assets/images/_larger2880/LU_E_30.006.jpg
19,"Quai du Louvre, Paris",1928,cityscape,oil,canvas,24 × 33,Private collection,https://www.ludorff.com/assets/images/_large960/LU_M_36.003.jpg
20,"Café de la Paix bei Nacht, Paris",1928,cityscape,oil,canvas,23.7 × 32.5,Private collection,https://www.ludorff.com/assets/images/_large960/LU_M_26.005.jpg
21,Dame vor Pferdedroschke im Tiergarten,1920,genre scene,etching,paper,25 x 19,Private collection,https://image.invaluable.com/housePhotos/Bassenge/71/587971/H0223-L94723990.jpg
22,"Fußsteg am Landwehrkanal (Lützow-Brücke), Berlin",1920,cityscape,pastel,cardboard,34.9 × 49.6 ,Private collection,https://www.ludorff.com/assets/images/_large960/LU_P_41.006.jpg
23,Caféhausszene,1920,interior scene,oil,cardboard,5.8 × 9.1 ,Private collection,https://www.ludorff.com/assets/images/_large960/LU_M_11.005.jpg
24,"Siegesallee mit Siegessäule im Sommer, Berlin",1925,cityscape,oil,canvas,"9,2 × 15,7 ",Private collection,https://www.ludorff.com/assets/images/LU/_large960/LU_M_22.007.jpg
25,"Nächtliche Straßenszene (Leipziger Straße, Berlin)",1920,cityscape,oil,cardboard,"9,2 × 15,7",Private collection,https://www.ludorff.com/assets/images/LU/_large960/LU_M_21.003.jpg
26,Charlottenburger Chaussee – Straßenszene mit Droschken und Straßenbahn,1925,cityscape,oil,canvas,"9,1 × 15,8",Private collection,https://www.ludorff.com/assets/images/_large960/LU_M_1.003.jpg
27,"Am Landwehrkanal, Berlin",1888,cityscape,pastel,cardboard,"18,2 × 9",Private collection,https://www.ludorff.com/assets/images/_larger2880/LU_M_43.005.jpg
28,Der Morgen (Gardasee),1903,landscape,pastel,cardboard,36.8 × 50.5,Private collection,https://media.mutualart.com/Images/2024_05/08/13/134744897/lesser-ury-der-morgen--gardasee-XXVPA-570.Jpeg
29,Nächtliche Impression,1924,cityscape,etching,paper,"17,5 × 12,4",Private collection,https://www.ludorff.com/assets/images/_large960/LU_E_8.001.jpg
30,Bäume am Ufer des Grunewaldsees,1924,landscape,etching,japan paper,"10,9 × 14,7",Private collection,https://www.ludorff.com/assets/images/_large960/LU_E_1.001.jpg
31,Straße mit Bäumen,1920,landscape,litograph,paper,37.4 × 21.9,Private collection,https://image.invaluable.com/housePhotos/Bassenge/71/576771/H0223-L83324073.jpg
32,Schlachtensee I,1924,landscape,etching,paper,35.7 × 26.5,Private collection,https://www.ludorff.com/assets/images/_larger2880/LU_E_33.007.jpg
33,"Waterloo Bridge bei Nebel, London",1926,cityscape,oil,canvas,50.2 x 70.2,Private collection,https://d7hftxdivxxvm.cloudfront.net/?height=400&quality=80&resize_to=fit&src=https%3A%2F%2Fd32dm0rphc51dk.cloudfront.net%2FAMGjhzHeRfqgJfojLJ3B4Q%2Flarger.jpg&width=400
35,"Dame, eine Pferdedroschke rufend",1920,genre scene,drypoint,wove paper,20.5 x 15.4,Private collection,https://d7hftxdivxxvm.cloudfront.net/?height=400&quality=80&resize_to=fit&src=https%3A%2F%2Fd32dm0rphc51dk.cloudfront.net%2Fq_YL8j3YlXw23ETvnxGtpA%2Flarger.jpg&width=400
36,Kraftdroschke im Regen am Brandenburger Tor,1920,cityscape,drypoint,japan paper,23.2 x 16.8,Private collection,https://d7hftxdivxxvm.cloudfront.net/?height=400&quality=80&resize_to=fit&src=https%3A%2F%2Fd32dm0rphc51dk.cloudfront.net%2FVdNFNHJ_uLt9bRsH9QFxWg%2Flarger.jpg&width=400
37,Allee im Tiergarten mit Kutsche im Vordergrund,1920,landscape,drypoint,laid paper,15.0 x 22.0,Private collection,https://d7hftxdivxxvm.cloudfront.net/?height=400&quality=80&resize_to=fit&src=https%3A%2F%2Fd32dm0rphc51dk.cloudfront.net%2FE9DdZ6VfQMXsMvnHltMgmg%2Flarger.jpg&width=400
38,"Dame und Herr, Unter den Linden",1889,genre scene,oil,canvas,105.3 x 59.3,Private collection,https://d7hftxdivxxvm.cloudfront.net/?height=400&quality=80&resize_to=fit&src=https%3A%2F%2Fd32dm0rphc51dk.cloudfront.net%2Ft4ZQxo16eIDpc94xMTbKQQ%2Flarger.jpg&width=400
39,Felsenküste bei Capri,1890,seascape,oil,canvas,41.5 x 32.0,Private collection,https://d7hftxdivxxvm.cloudfront.net/?height=400&quality=80&resize_to=fit&src=https%3A%2F%2Fd32dm0rphc51dk.cloudfront.net%2FAD5cLvo7hCNYNRpfM5Dztg%2Flarger.jpg&width=400
40,"Unter den Linden mit Blick auf das Brandenburger Tor, Berlin",1920,cityscape,oil,canvas,9.6 x 15.8,Private collection,https://d7hftxdivxxvm.cloudfront.net/?height=400&quality=80&resize_to=fit&src=https%3A%2F%2Fd32dm0rphc51dk.cloudfront.net%2FAnvneEfvx_7RH2RjsDMXZQ%2Flarger.jpg&width=400
41,Buchenwald mit Bach,1890,landscape,pastel,cardboard,50.8 x 34.5,Private collection,https://d7hftxdivxxvm.cloudfront.net/?height=400&quality=80&resize_to=fit&src=https%3A%2F%2Fd32dm0rphc51dk.cloudfront.net%2FW4FfQSvchF7otm7vc1pANw%2Flarger.jpg&width=400
42,Märkischer See,1895,landscape,pastel,cardboard,35.5 x 50.3,Private collection,https://d7hftxdivxxvm.cloudfront.net/?height=400&quality=80&resize_to=fit&src=https%3A%2F%2Fd32dm0rphc51dk.cloudfront.net%2FvfzQ7_slqYEuOLtPQzx_Mg%2Flarger.jpg&width=400
43,Holländische Dorfstraße,1912,village scene,charcoal,wove paper,50.1 x 31.7,Private collection,https://d7hftxdivxxvm.cloudfront.net/?height=400&quality=80&resize_to=fit&src=https%3A%2F%2Fd32dm0rphc51dk.cloudfront.net%2FWNqPmLxEK6vTB5EbsotPqQ%2Flarger.jpg&width=400
44,Frühling am Gardasee,1890,landscape,charcoal,cardboard,18.5 x 25.6,Private collection,https://d7hftxdivxxvm.cloudfront.net/?height=400&quality=80&resize_to=fit&src=https%3A%2F%2Fd32dm0rphc51dk.cloudfront.net%2F2FTgQ-3MBVW_GbiYzHXkjA%2Flarger.jpg&width=400
45,Gasse (Oberitalien),1896,genre scene,oil,cardboard,20.4 x 13.2 ,Private collection,https://d7hftxdivxxvm.cloudfront.net/?height=400&quality=80&resize_to=fit&src=https%3A%2F%2Fd32dm0rphc51dk.cloudfront.net%2F3dXFmVPpo_heB-0G6-cJ4w%2Flarger.jpg&width=400
46,"Bellevuestraße, Berlin",1920,cityscape,pastel,paper,49.7 x 35.7,Private collection,https://d7hftxdivxxvm.cloudfront.net/?height=400&quality=80&resize_to=fit&src=https%3A%2F%2Fd32dm0rphc51dk.cloudfront.net%2FQYmIn4iKdbHRlIgZozyGjg%2Flarger.jpg&width=400
47,Dame und rauchender Herr auf einer Bank im Tiergarten,1920,genre scene,litograph,laid paper,35.7 x 25.1,Private collection,https://d7hftxdivxxvm.cloudfront.net/?height=400&quality=80&resize_to=fit&src=https%3A%2F%2Fd32dm0rphc51dk.cloudfront.net%2FH-XOlbXxUnVNlGymI2dhOQ%2Flarger.jpg&width=400
48,Berliner Straße,1920,cityscape,litograph,paper,27.0 x 19.8,Private collection,https://d7hftxdivxxvm.cloudfront.net/?height=400&quality=80&resize_to=fit&src=https%3A%2F%2Fd32dm0rphc51dk.cloudfront.net%2F8CXXbHhTm5VwSCwQNfwbXg%2Flarger.jpg&width=400
49,Junges Mädchen im Café mit Straßenblick,1924,interior scene,etching,japan paper,19.7 x 14.7,Private collection,https://d7hftxdivxxvm.cloudfront.net/?height=400&quality=80&resize_to=fit&src=https%3A%2F%2Fd32dm0rphc51dk.cloudfront.net%2FR7Gh3o8wJjVg281Hzamd4g%2Flarger.jpg&width=400
50,Berliner Droschke - rechts - wartend im Tiergarten II,1920,genre scene,drypoint,laid paper,22.4 x 15.6,Private collection,https://d7hftxdivxxvm.cloudfront.net/?height=400&quality=80&resize_to=fit&src=https%3A%2F%2Fd32dm0rphc51dk.cloudfront.net%2FPo-lQmFQgXnxN-O5eBRq1A%2Flarger.jpg&width=400
51,Zeitungsleser mit Filzhut im Tiergarten,1922,genre scene,drypoint,wove paper,12.7 x 17.7,Private collection,https://d7hftxdivxxvm.cloudfront.net/?height=400&quality=80&resize_to=fit&src=https%3A%2F%2Fd32dm0rphc51dk.cloudfront.net%2F3GTQF11bjXOWFaWFo9NMhg%2Flarger.jpg&width=400
52,Spaziergänger am Landwehrkanal,1924,cityscape,drypoint,laid paper,17.2 x 13.8,Private collection,https://d7hftxdivxxvm.cloudfront.net/?height=400&quality=80&resize_to=fit&src=https%3A%2F%2Fd32dm0rphc51dk.cloudfront.net%2FeHylCIErx_aKnuOcOhfKrg%2Flarger.jpg&width=400
53,Bei der Heuernte,1880,genre scene,oil,panel,13.5 x 30.1,Private collection,https://d7hftxdivxxvm.cloudfront.net/?height=400&quality=80&resize_to=fit&src=https%3A%2F%2Fd32dm0rphc51dk.cloudfront.net%2FrQ9h3X8sxrCNoR-ZntSC4g%2Flarger.jpg&width=400
54,Holländischer Kanal mit Windmühle und Angler,1912,village scene,pastel,cardboard,44.7 x 55.8,Private collection,https://d7hftxdivxxvm.cloudfront.net/?height=400&quality=80&resize_to=fit&src=https%3A%2F%2Fd32dm0rphc51dk.cloudfront.net%2FYGEPFXWW4wv3dXP-hFo78g%2Flarger.jpg&width=400
55,Amaryllis,1905,still life,oil,canvas,100.0 x 70.5,Private collection,https://d7hftxdivxxvm.cloudfront.net/?height=400&quality=80&resize_to=fit&src=https%3A%2F%2Fd32dm0rphc51dk.cloudfront.net%2FyQa6e8v11jVYkbm2a2WRRw%2Flarger.jpg&width=400
56,Bootsanleger am Fluss,1909,landscape,oil,canvas,36.6 x 50.7,Private collection,https://d7hftxdivxxvm.cloudfront.net/?height=400&quality=80&resize_to=fit&src=https%3A%2F%2Fd32dm0rphc51dk.cloudfront.net%2F8bmCgte_yCiy56HgcWpCvA%2Flarger.jpg&width=400
57,Herbststimmung am Grunewaldsee,1896,landscape,pastel,cardboard,50.5 x 35.5,Private collection,https://d7hftxdivxxvm.cloudfront.net/?height=400&quality=80&resize_to=fit&src=https%3A%2F%2Fd32dm0rphc51dk.cloudfront.net%2Fw6EXEnBpxuZwTKt1U7XCEw%2Flarger.jpg&width=400
58,Droschken (Regenstimmung),1915,cityscape,pastel,cardboard,24.2 x 17.5 ,Private collection,https://d7hftxdivxxvm.cloudfront.net/?height=400&quality=80&resize_to=fit&src=https%3A%2F%2Fd32dm0rphc51dk.cloudfront.net%2FsdNWZ4axD3iuwdFBGKux3w%2Flarger.jpg&width=400
59,Regenwetter: Mann mit Karren vor einer Pferdedroschke,1924,genre scene,etching,vellum paper,21.4 x 17.3,Private collection,https://d7hftxdivxxvm.cloudfront.net/?height=400&quality=80&resize_to=fit&src=https%3A%2F%2Fd32dm0rphc51dk.cloudfront.net%2F-3u31KJVqNDHhpV0BaZTqw%2Flarger.jpg&width=400
60,Der blaue Berg,1900,landscape,oil,canvas,79.0 x 97.0,Private collection,https://d7hftxdivxxvm.cloudfront.net/?height=400&quality=80&resize_to=fit&src=https%3A%2F%2Fd32dm0rphc51dk.cloudfront.net%2FQk-CH9y4_IG8JZwyO8_GJg%2Flarger.jpg&width=400
61,Birkenwald im Frühling,1890,landscape,pastel,cardboard,47.8 x 34.6,Private collection,https://d7hftxdivxxvm.cloudfront.net/?height=400&quality=80&resize_to=fit&src=https%3A%2F%2Fd32dm0rphc51dk.cloudfront.net%2FJWQagsRCpLq-fqPnH4lzEQ%2Flarger.jpg&width=400
62,Kahle Stämme gegen Abendhimmel,1910,landscape,pastel,cardboard,48.0 x 34.8,Private collection,https://d7hftxdivxxvm.cloudfront.net/?height=400&quality=80&resize_to=fit&src=https%3A%2F%2Fd32dm0rphc51dk.cloudfront.net%2F9cnhhZlBRAyJwvYPxX9DCw%2Flarger.jpg&width=400
63,Hyde Park,1926,landscape,oil,canvas,50.8 x 69.85,Private collection,https://d7hftxdivxxvm.cloudfront.net/?height=400&quality=80&resize_to=fit&src=https%3A%2F%2Fd32dm0rphc51dk.cloudfront.net%2F1eg1z5eXRte9aU7uYyl_AA%2Flarger.jpg&width=400
64,Pferdedroschke im Regenwetter,1924,genre scene,etching,paper,20.9 x 11.3,Private collection,https://d7hftxdivxxvm.cloudfront.net/?height=400&quality=80&resize_to=fit&src=https%3A%2F%2Fd32dm0rphc51dk.cloudfront.net%2FHgEdX8gMT99zjXvP3eRHnw%2Flarger.jpg&width=400
65,Berliner Droschke – rechts – wartend im Tiergarten II,1920,genre scene,etching,laid paper,22.1 x 15.5,Private collection,https://d7hftxdivxxvm.cloudfront.net/?height=400&quality=80&resize_to=fit&src=https%3A%2F%2Fd32dm0rphc51dk.cloudfront.net%2FAdUefHzayGMg40kdrDb6wg%2Flarger.jpg&width=400
66,Holländische Weidelandschaft mit Windmühle,1912,village scene,charcoal,paper,31.3 x 49,Private collection,https://d7hftxdivxxvm.cloudfront.net/?height=400&quality=80&resize_to=fit&src=https%3A%2F%2Fd32dm0rphc51dk.cloudfront.net%2FXrhW179wMd28bCi2DYyxZg%2Flarger.jpg&width=400
67,Holsteinische Schweiz,1908,landscape,pastel,cardboard,50.6 x 35.2,Private collection,https://d7hftxdivxxvm.cloudfront.net/?height=400&quality=80&resize_to=fit&src=https%3A%2F%2Fd32dm0rphc51dk.cloudfront.net%2FVwnJO5KTX1vP3iI7Y8XzwA%2Flarger.jpg&width=400
68,Motiv aus dem Grunewald,1900,landscape,pastel,cardboard,50.2 x 35.5,Private collection,https://d7hftxdivxxvm.cloudfront.net/?height=400&quality=80&resize_to=fit&src=https%3A%2F%2Fd32dm0rphc51dk.cloudfront.net%2F1zEqGUN472ogpRy0x27T3Q%2Flarger.jpg&width=400
69,Selbstbildnis,1924,portrait,oil,canvas,46.5 x 35.5,Private collection,https://d7hftxdivxxvm.cloudfront.net/?height=400&quality=80&resize_to=fit&src=https%3A%2F%2Fd32dm0rphc51dk.cloudfront.net%2F9z3KODF-kNF2BygJdE9Z9A%2Flarger.jpg&width=400
70,Bewaldeter Höhenzug in Thüringen,1892,landscape,pastel,cardboard,33.7 x 46.5,Private collection,https://d7hftxdivxxvm.cloudfront.net/?height=400&quality=80&resize_to=fit&src=https%3A%2F%2Fd32dm0rphc51dk.cloudfront.net%2FVEI_RngZugWa1Y5zrj3MFQ%2Flarger.jpg&width=400
71,Blick auf den Rhein,1904,landscape,oil,panel,12.6 x 22.8 ,Private collection,https://d7hftxdivxxvm.cloudfront.net/?height=400&quality=80&resize_to=fit&src=https%3A%2F%2Fd32dm0rphc51dk.cloudfront.net%2FfDLUZ2ZaVawrrFtWHH153Q%2Flarger.jpg&width=400
72,Italienisches Seeufer,1890,seascape,pastel,cardboard,47.6 x 35.3,Private collection,https://d7hftxdivxxvm.cloudfront.net/?height=400&quality=80&resize_to=fit&src=https%3A%2F%2Fd32dm0rphc51dk.cloudfront.net%2FAcIdbmcrSxsQPIQuGVyD2w%2Flarger.jpg&width=400
73,"Am Kanal, Holland",1913,village scene,pastel,cardboard,50.8 x 71.3,Private collection,https://d7hftxdivxxvm.cloudfront.net/?height=400&quality=80&resize_to=fit&src=https%3A%2F%2Fd32dm0rphc51dk.cloudfront.net%2FJIbbOaAWAwkPKliZ0_pV1Q%2Flarger.jpg&width=400
74,Dorf am Lago Maggiore (Tessin),1893,village scene,pastel,cardboard,35.7 x 49.6,Private collection,https://d7hftxdivxxvm.cloudfront.net/?height=400&quality=80&resize_to=fit&src=https%3A%2F%2Fd32dm0rphc51dk.cloudfront.net%2FfnWXA1omMd_3YvQGfR7U_g%2Flarger.jpg&width=400
75,Partie am Landwehrkanal Berlin,1888,cityscape,oil,canvas,18.2 x 9,Private collection,https://d7hftxdivxxvm.cloudfront.net/?height=400&quality=80&resize_to=fit&src=https%3A%2F%2Fd32dm0rphc51dk.cloudfront.net%2FQbR2HaFf1y3KQ_xOcfwMoQ%2Flarger.jpg&width=400
76,"Berliner Straßenszene im Herbst (Hotel Adlon, Berlin)",1920,cityscape,pastel,board,49.5 x 35,Private collection,https://d7hftxdivxxvm.cloudfront.net/?height=400&quality=80&resize_to=fit&src=https%3A%2F%2Fd32dm0rphc51dk.cloudfront.net%2FI2dQ4oU_JgAveCWAfE9DOQ%2Flarger.jpg&width=400
77,Schweriner See,1912,landscape,pastel,canvas,46.5 x 66.8,Private collection,https://d7hftxdivxxvm.cloudfront.net/?height=400&quality=80&resize_to=fit&src=https%3A%2F%2Fd32dm0rphc51dk.cloudfront.net%2F0lWyZgITOewALaFBSVKi1w%2Flarger.jpg&width=400
78,L’heure bleue,1889,interior scene,charcoal,brownish paper,49.7 x 32.4,Private collection,https://d7hftxdivxxvm.cloudfront.net/?height=400&quality=80&resize_to=fit&src=https%3A%2F%2Fd32dm0rphc51dk.cloudfront.net%2FeA2dSO2W79RCMiX5xxI45Q%2Flarger.jpg&width=400
79,Berliner Wertpapierbörse,1927,cityscape,oil,canvas,35.5 x 50.5,Private collection,https://d7hftxdivxxvm.cloudfront.net/?height=400&quality=80&resize_to=fit&src=https%3A%2F%2Fd32dm0rphc51dk.cloudfront.net%2F697--ekaHEQ7wV7U4kD-zA%2Flarger.jpg&width=400
80,Der See im Mondschein,1890,landscape,oil,board,51.4 x 37,Private collection,https://d7hftxdivxxvm.cloudfront.net/?height=400&quality=80&resize_to=fit&src=https%3A%2F%2Fd32dm0rphc51dk.cloudfront.net%2F56YowvOqA-6OFFLzthwpbA%2Flarger.jpg&width=400
81,Blick zu den Kreidefelsen von Rügen,1894,landscape,pastel,board,36 x 49,Private collection,https://d7hftxdivxxvm.cloudfront.net/?height=400&quality=80&resize_to=fit&src=https%3A%2F%2Fd32dm0rphc51dk.cloudfront.net%2FH-4T6AcYQtKllbWdqkE_WA%2Flarger.jpg&width=400
82,Brandenburger Tor vom Pariser Platz aus gesehen,1928,cityscape,pastel,board,35 x 50,Private collection,https://d7hftxdivxxvm.cloudfront.net/?height=400&quality=80&resize_to=fit&src=https%3A%2F%2Fd32dm0rphc51dk.cloudfront.net%2FszZP4NqQlhAurauU3jjO7Q%2Flarger.jpg&width=400
83,"Tiergartenstrasse, Berlin",1925,cityscape,pastel,board,35 x 50,Private collection,https://www.ludorff.com/assets/images/_large960/LU_P_38.006.jpg
84,Landschaft mit Windmühle,1913,village scene,pastel,board,50.5 x 70.5,Private collection,https://d7hftxdivxxvm.cloudfront.net/?height=400&quality=80&resize_to=fit&src=https%3A%2F%2Fd32dm0rphc51dk.cloudfront.net%2FvcmSRyep1K85LhTxhvx6uQ%2Flarger.jpg&width=400
85,"Wassermühle am gebirgsbach, Thüringen",1894,landscape,pastel,board,94.5 x 67.7,Private collection,https://d7hftxdivxxvm.cloudfront.net/?height=400&quality=80&resize_to=fit&src=https%3A%2F%2Fd32dm0rphc51dk.cloudfront.net%2FsxpyuhmtGAHGqJUJYt4IiQ%2Flarger.jpg&width=400
86,Straße im Tiergarten,1920,landscape,oil,canvas,9.4 x 16,Private collection,https://d7hftxdivxxvm.cloudfront.net/?height=400&quality=80&resize_to=fit&src=https%3A%2F%2Fd32dm0rphc51dk.cloudfront.net%2FbHOQG6FlAaqQoCXVtJB7Hw%2Flarger.jpg&width=400
87,"Blick auf die Konditorei Moritz Dobrin in der Lennéstraße 1 im Tiergarten, Berlin",1926,cityscape,pastel,cardboard,34.5 x 49.5,Private collection,https://d7hftxdivxxvm.cloudfront.net/?height=400&quality=80&resize_to=fit&src=https%3A%2F%2Fd32dm0rphc51dk.cloudfront.net%2FX--cy36cZK-HWKi5WUmnBw%2Flarger.jpg&width=400
88,"Herbstliche Strassenszene bei Regen, Berlin",1925,cityscape,pastel,cardboard,49.5 x 35,Private collection,https://d7hftxdivxxvm.cloudfront.net/?height=400&quality=80&resize_to=fit&src=https%3A%2F%2Fd32dm0rphc51dk.cloudfront.net%2Fgw0f-vwt4sFv_e9q7_EoMw%2Flarger.jpg&width=400
89,Strassenszene,1920,cityscape,pastel,board,50 x 35.5,Private collection,https://d7hftxdivxxvm.cloudfront.net/?height=400&quality=80&resize_to=fit&src=https%3A%2F%2Fd32dm0rphc51dk.cloudfront.net%2FHnvvS97Oh6r-EbAzy8Cg5A%2Flarger.jpg&width=400
90,Paris an der Seine unter der Brücke Saint-Michel,1920,cityscape,watercolor,paper,32 x 40.5,Private collection,https://d7hftxdivxxvm.cloudfront.net/?height=400&quality=80&resize_to=fit&src=https%3A%2F%2Fd32dm0rphc51dk.cloudfront.net%2FjMuAw5c3uxeu3sNrJu35rg%2Flarger.jpg&width=400
91,Herr Mit Zylinder Vor Einem Kaffeehausfenster — In Rückenansicht,1923,genre scene,etching,laid paper,24 x 17.5,Private collection,https://d7hftxdivxxvm.cloudfront.net/?height=400&quality=80&resize_to=fit&src=https%3A%2F%2Fd32dm0rphc51dk.cloudfront.net%2F0pNW8OO625qpJmOtrZDiXg%2Flarger.jpg&width=400
92,"Flusslandschaft, Thüringen ",1900,landscape,pastel,laid paper,35.5 x 50.2,Private collection,https://d7hftxdivxxvm.cloudfront.net/?height=400&quality=80&resize_to=fit&src=https%3A%2F%2Fd32dm0rphc51dk.cloudfront.net%2FSp5ZSm-qmsV_gruMIzAvhQ%2Flarger.jpg&width=400
93,Spaziergänger Im Regen,1920,genre scene,drypoint,laid paper,24.6 x 14.7,Private collection,https://d7hftxdivxxvm.cloudfront.net/?height=400&quality=80&resize_to=fit&src=https%3A%2F%2Fd32dm0rphc51dk.cloudfront.net%2FWk0cPQqcvZV2Kv2sGCp_Nw%2Flarger.jpg&width=400
94,Winterliche Tiergartenallee Mit Pferdedroschken,1920,genre scene,drypoint,wove paper,18 x 24 ,Private collection,https://d7hftxdivxxvm.cloudfront.net/?height=400&quality=80&resize_to=fit&src=https%3A%2F%2Fd32dm0rphc51dk.cloudfront.net%2FPcnB0fuC5RVIB56C0wgDmQ%2Flarger.jpg&width=400
95,"Allee Im Tiergarten, Berlin",1920,landscape,pastel,wove paper,35.3 x 49.5,Private collection,https://d7hftxdivxxvm.cloudfront.net/?height=400&quality=80&resize_to=fit&src=https%3A%2F%2Fd32dm0rphc51dk.cloudfront.net%2FDdrTN-MY0rqhUjq-1_jW3g%2Flarger.jpg&width=400
96,"Berliner Straßenmotiv mit Automobilen und Alleebäumen, links Reitweg mit Reiter und Fußgänger",1925,cityscape,pastel,board,35 x 50,Private collection,https://d7hftxdivxxvm.cloudfront.net/?height=400&quality=80&resize_to=fit&src=https%3A%2F%2Fd32dm0rphc51dk.cloudfront.net%2FQVG6IqVQTmlG1rjGcV345A%2Flarger.jpg&width=400
97,"Nächtliche Straßenszene, Berlin (In den Zelten)",1915,cityscape,oil,canvas,51.3 x 36.5,Private collection,https://d7hftxdivxxvm.cloudfront.net/?height=400&quality=80&resize_to=fit&src=https%3A%2F%2Fd32dm0rphc51dk.cloudfront.net%2FipAaWi3IPg2jnrE568F6kg%2Flarger.jpg&width=400
98,am Neuen See im Tiergarten,1915,landscape,oil,canvas,39 x 60.5,Private collection,https://upload.wikimedia.org/wikipedia/commons/c/ca/Lesser_Ury_Partie_am_Neuen_See_im_Tiergarten.jpg?20051219134144
99,"Dame mit Hund im Tiergarten, Berlin",1920,genre scene,charcoal,board,51.8 x 35.5,Private collection,https://d7hftxdivxxvm.cloudfront.net/?height=400&quality=80&resize_to=fit&src=https%3A%2F%2Fd32dm0rphc51dk.cloudfront.net%2FrEISInRMLZZIpGIBRG9L0w%2Flarger.jpg&width=400
100,"Bellevuestraße am Abend, Berlin",1922,cityscape,charcoal,cardboard,49.7 x 32.1,Private collection,https://d7hftxdivxxvm.cloudfront.net/?height=400&quality=80&resize_to=fit&src=https%3A%2F%2Fd32dm0rphc51dk.cloudfront.net%2F5c-tiAmYz2ZHInlSjEu7Ew%2Flarger.jpg&width=400
101,Abendstimmung an einem See im Grunewald,1890,landscape,pastel,board,48.2 x 34.8,Private collection,https://d7hftxdivxxvm.cloudfront.net/?height=400&quality=80&resize_to=fit&src=https%3A%2F%2Fd32dm0rphc51dk.cloudfront.net%2F-BR5tf5MsUpSdAl5rCQAQw%2Flarger.jpg&width=400
102,Auf dem Kanal,1912,cityscape,pastel,board,49.4 x 34.8,Private collection,https://d7hftxdivxxvm.cloudfront.net/?height=400&quality=80&resize_to=fit&src=https%3A%2F%2Fd32dm0rphc51dk.cloudfront.net%2FUA939TFCUW_q6IZr65DlTg%2Flarger.jpg&width=400
103,Jüdischer Friedhof,1895,landscape,pastel,cardboard,48 x 34.8,Private collection,https://media.mutualart.com/Images/2017_10/11/11/114552084/bfcfd26f-aa99-495f-b151-86a1336017b3_570.Jpeg
104,Holländische Kanallandschaft Mit Windmühlen,1913,landscape,oil,canvas,61.5 x 74.5,Private collection,"https://cdn-hampel-auctions.de/cdn-cgi/image/q=40,s=2,f=auto,metadata=copyright,w=292,fit=scale-down/img/auktionen/A113/m/Hampel-108074021.jpg"
105,Nächtliche Begegnung in der Tiergartenstrasse,1919,cityscape,etching,laid paper,21 x 15.2 ,Private collection,https://d7hftxdivxxvm.cloudfront.net/?height=400&quality=80&resize_to=fit&src=https%3A%2F%2Fd32dm0rphc51dk.cloudfront.net%2FNvIhcNhVaHtRYiBOxRwrww%2Flarger.jpg&width=400
106,Devorah,1920,portrait,oil,canvas,56 x 43,Private collection,https://d7hftxdivxxvm.cloudfront.net/?height=400&quality=80&resize_to=fit&src=https%3A%2F%2Fd32dm0rphc51dk.cloudfront.net%2FvrCXaPmyOlAFlPGMv39ORw%2Flarger.jpg&width=400
107,Avenue des Champs-Élysées,1928,cityscape,pastel,cardboard,51 x 36.5,Private collection,https://d7hftxdivxxvm.cloudfront.net/?height=400&quality=80&resize_to=fit&src=https%3A%2F%2Fd32dm0rphc51dk.cloudfront.net%2F_uh7bgYcpcoX2_2dPaqI-w%2Flarger.jpg&width=400
108,Sitzendes Paar an der Havel ,1920,genre scene,etching,laid paper,17.6 x 12.8,Private collection,https://d7hftxdivxxvm.cloudfront.net/?height=400&quality=80&resize_to=fit&src=https%3A%2F%2Fd32dm0rphc51dk.cloudfront.net%2F-1hKOHfbPue3SKGseXNGYg%2Flarger.jpg&width=400
109,Allee Im Tiergarten Mit Kutschen,1920,landscape,charcoal,cardboard,51 x 72.8,Private collection,https://d7hftxdivxxvm.cloudfront.net/?height=400&quality=80&resize_to=fit&src=https%3A%2F%2Fd32dm0rphc51dk.cloudfront.net%2F0_ygiRcw_bkGg6PMslup0Q%2Flarger.jpg&width=400
110,Italienische Landschaft,1890,landscape,pastel,board,47.5 x 35,Private collection,https://d7hftxdivxxvm.cloudfront.net/?height=400&quality=80&resize_to=fit&src=https%3A%2F%2Fd32dm0rphc51dk.cloudfront.net%2F_pw25UJvuQbVIeOJ8ZLCJw%2Flarger.jpg&width=400
111,Insel im See,1893,landscape,pastel,board,35 x 50,Private collection,https://d7hftxdivxxvm.cloudfront.net/?height=400&quality=80&resize_to=fit&src=https%3A%2F%2Fd32dm0rphc51dk.cloudfront.net%2F-xdD5sVo6ZIG_dU16GQiFA%2Flarger.jpg&width=400
112,Spaziergänger im Regen vor Pferdedroschke,1919,genre scene,etching,vellum paper,20 x 14,Private collection,https://d7hftxdivxxvm.cloudfront.net/?height=400&quality=80&resize_to=fit&src=https%3A%2F%2Fd32dm0rphc51dk.cloudfront.net%2F7HIXtoQD8qtIp3XK1d4Z2Q%2Flarger.jpg&width=400
113,Schloss Reinhartshausen,1924,cityscape,pastel,board,34 x 49,Private collection,https://d7hftxdivxxvm.cloudfront.net/?height=400&quality=80&resize_to=fit&src=https%3A%2F%2Fd32dm0rphc51dk.cloudfront.net%2F8MJxHR1UN1qASLzyeC7NqA%2Flarger.jpg&width=400
114,Versammlungssaal,1920,interior scene,oil,canvas,"15,6 x 9,2",Private collection,https://d7hftxdivxxvm.cloudfront.net/?height=400&quality=80&resize_to=fit&src=https%3A%2F%2Fd32dm0rphc51dk.cloudfront.net%2FYku9DFKhGbt7zdMrIT3mVA%2Flarger.jpg&width=400
115,Landschaft mit Baumgruppe,1924,landscape,pastel,cardboard,35 x 48,Private collection,https://d7hftxdivxxvm.cloudfront.net/?height=400&quality=80&resize_to=fit&src=https%3A%2F%2Fd32dm0rphc51dk.cloudfront.net%2FqDpm9xsw9G0XZB2fLUPelg%2Flarger.jpg&width=400
116,Zeitungsleser im Café,1880,genre scene,charcoal,paper,49 x 31,Private collection,https://d7hftxdivxxvm.cloudfront.net/?height=400&quality=80&resize_to=fit&src=https%3A%2F%2Fd32dm0rphc51dk.cloudfront.net%2FQhy2-bzLo4fjSXJBDdbWSw%2Flarger.jpg&width=400
117,Burgruine im Rheingau,1924,landscape,oil,canvas,97 x 67,Private collection,https://d7hftxdivxxvm.cloudfront.net/?height=400&quality=80&resize_to=fit&src=https%3A%2F%2Fd32dm0rphc51dk.cloudfront.net%2FfcWYx_pyOkuKiu1TqGz4rA%2Flarger.jpg&width=400
118,Kartoffelschälerin am Tisch,1912,genre scene,charcoal,vellum paper,48 x 31,Private collection,https://d7hftxdivxxvm.cloudfront.net/?height=400&quality=80&resize_to=fit&src=https%3A%2F%2Fd32dm0rphc51dk.cloudfront.net%2FQY8bHmP_WCV_JqMLSYJHCg%2Flarger.jpg&width=400
119,Am Neuruppiner See,1910,landscape,charcoal,wove paper,32 x 47,Private collection,https://d7hftxdivxxvm.cloudfront.net/?height=400&quality=80&resize_to=fit&src=https%3A%2F%2Fd32dm0rphc51dk.cloudfront.net%2FdseLbjEpiImq2cZ5AEsA0Q%2Flarger.jpg&width=400
120,Landschaft mit großen Bäumen und weidenden Kühen,1912,landscape,pastel,paper,48 x 70,Private collection,https://d7hftxdivxxvm.cloudfront.net/?height=400&quality=80&resize_to=fit&src=https%3A%2F%2Fd32dm0rphc51dk.cloudfront.net%2FI4SqDIuWdhcM3PSgToJxjg%2Flarger.jpg&width=400
121,Bauer beim Graben,1920,genre scene,drypoint,paper,16 x 10,Private collection,https://d7hftxdivxxvm.cloudfront.net/?height=400&quality=80&resize_to=fit&src=https%3A%2F%2Fd32dm0rphc51dk.cloudfront.net%2FFzj0HWdh4vZJQxvr9upTUw%2Flarger.jpg&width=400
122,Straße Bei Nacht im Regen (Berlin),1898,cityscape,oil,canvas,52 x 36,Private collection,https://d7hftxdivxxvm.cloudfront.net/?height=400&quality=80&resize_to=fit&src=https%3A%2F%2Fd32dm0rphc51dk.cloudfront.net%2FWI4mMRMlVF32DDFzBab5tA%2Flarger.jpg&width=400
123,Nelke Und Orchidee in Vase,1920,still life,oil,canvas,50 x 36,Private collection,https://d7hftxdivxxvm.cloudfront.net/?height=400&quality=80&resize_to=fit&src=https%3A%2F%2Fd32dm0rphc51dk.cloudfront.net%2FFgoqg256PcxJYS9mwSummQ%2Flarger.jpg&width=400
124,Dame am Fenster vor Staffelei,1910,interior scene,oil,canvas,71 x 53,Private collection,https://d7hftxdivxxvm.cloudfront.net/?height=400&quality=80&resize_to=fit&src=https%3A%2F%2Fd32dm0rphc51dk.cloudfront.net%2FNxf6R_hIKU8R5sQHtjFvQg%2Flarger.jpg&width=400
125,Birken am Märkischen See,1897,landscape,pastel,cardboard,50 x 34,Private collection,https://d7hftxdivxxvm.cloudfront.net/?height=400&quality=80&resize_to=fit&src=https%3A%2F%2Fd32dm0rphc51dk.cloudfront.net%2F11mYbqf6sPALtpKQbQylhA%2Flarger.jpg&width=400
126,In Sonnenschein bei Volluvet,1883,landscape,oil,canvas,76.99 x 94.01,Private collection,https://d7hftxdivxxvm.cloudfront.net/?height=400&quality=80&resize_to=fit&src=https%3A%2F%2Fd32dm0rphc51dk.cloudfront.net%2FvFa9X1bgR7eT24AgE0m2TA%2Flarger.jpg&width=400
127,Frühlingspfad an den Hängen,1910,landscape,pastel,board,34.01 x 47.5,Private collection,https://d7hftxdivxxvm.cloudfront.net/?height=400&quality=80&resize_to=fit&src=https%3A%2F%2Fd32dm0rphc51dk.cloudfront.net%2F8spvwa4RT0wI8evD-exjfw%2Flarger.jpg&width=400
128,"Abendliche Straßenszene mit Figuren, Berlin",1920,cityscape,oil,canvas,51.74 x 36.2,Private collection,https://d7hftxdivxxvm.cloudfront.net/?height=400&quality=80&resize_to=fit&src=https%3A%2F%2Fd32dm0rphc51dk.cloudfront.net%2F554Ld0Bkh9uEAxm3OVTj8A%2Flarger.jpg&width=400
129,"Nächtliche Straßenszene, Berlin",1925,cityscape,oil,canvas,78 x 60.5,Private collection,https://d7hftxdivxxvm.cloudfront.net/?height=400&quality=80&resize_to=fit&src=https%3A%2F%2Fd32dm0rphc51dk.cloudfront.net%2F4hYDktU0GcKCxtaOFR5hLg%2Flarger.jpg&width=400
130,Bauerngehöft Mit Brunnen,1888,village scene,oil,canvas,78 x 96.01,Private collection,https://d7hftxdivxxvm.cloudfront.net/?height=400&quality=80&resize_to=fit&src=https%3A%2F%2Fd32dm0rphc51dk.cloudfront.net%2FDyh417SJ1ZG4XK8e7GCkQA%2Flarger.jpg&width=400
131,"Der Tiergarten, Berlin",1900,landscape,pastel,laid paper,35 x 49.71 ,Private collection,https://d7hftxdivxxvm.cloudfront.net/?height=400&quality=80&resize_to=fit&src=https%3A%2F%2Fd32dm0rphc51dk.cloudfront.net%2FEPI1WrkQGCGFl_enwvmi6w%2Flarger.jpg&width=400
132,Nächtliche Straßenszene,1920,cityscape,oil,canvas,15.01 x 8.51,Private collection,https://d7hftxdivxxvm.cloudfront.net/?height=400&quality=80&resize_to=fit&src=https%3A%2F%2Fd32dm0rphc51dk.cloudfront.net%2FnQwxgaL6Xm4oVEtFNLFEkQ%2Flarger.jpg&width=400
133,Berliner Straßenszene,1920,cityscape,pastel,cardboard,35 x 50.01 ,Private collection,https://d7hftxdivxxvm.cloudfront.net/?height=400&quality=80&resize_to=fit&src=https%3A%2F%2Fd32dm0rphc51dk.cloudfront.net%2Fl3xrJNPfd9ZcUS7NixV5Dw%2Flarger.jpg&width=400
134,Dame mit Kind auf einer Straßenkreuzung,1915,genre scene,oil,canvas,70 x 50.01,Private collection,https://d7hftxdivxxvm.cloudfront.net/?height=400&quality=80&resize_to=fit&src=https%3A%2F%2Fd32dm0rphc51dk.cloudfront.net%2FyPC-cHtnvvyZPQPkTtJS2w%2Flarger.jpg&width=400
135,Strauß Mit Nelken In Hoher Vase,1906,still life,oil,canvas,77.8 x 46.99,Private collection,https://d7hftxdivxxvm.cloudfront.net/?height=400&quality=80&resize_to=fit&src=https%3A%2F%2Fd32dm0rphc51dk.cloudfront.net%2FiH9yGtT-lTvQM9YNue1DBQ%2Flarger.jpg&width=400
136,Springbrunnen in Rom,1920,cityscape,oil,cardboard,9.09 x 18.11,Private collection,https://d7hftxdivxxvm.cloudfront.net/?height=400&quality=80&resize_to=fit&src=https%3A%2F%2Fd32dm0rphc51dk.cloudfront.net%2FqClczKdOSTYY1DriUaysJQ%2Flarger.jpg&width=400
137,Straßenszene Im Berliner Tiergarten Mit Dame,1915,genre scene,charcoal,paper,72.01 x 49.4,Private collection,https://d7hftxdivxxvm.cloudfront.net/?height=400&quality=80&resize_to=fit&src=https%3A%2F%2Fd32dm0rphc51dk.cloudfront.net%2F2q8E2RPARotrJH4vGfxtKw%2Flarger.jpg&width=400
138,Wiesenlandschaft mit Bauernhäusern (Küstendorf),1878,landscape,pastel,board,35.31 x 49,Private collection,https://d7hftxdivxxvm.cloudfront.net/?height=400&quality=80&resize_to=fit&src=https%3A%2F%2Fd32dm0rphc51dk.cloudfront.net%2FHRqFBGKCHTbkmDhYHeuoaQ%2Flarger.jpg&width=400
139,Gardasee (Gardone),1900,landscape,pastel,board,35.51 x 50.01,Private collection,https://d7hftxdivxxvm.cloudfront.net/?height=400&quality=80&resize_to=fit&src=https%3A%2F%2Fd32dm0rphc51dk.cloudfront.net%2F-1yD-Fmqh_Ot2goIe6Gmhg%2Flarger.jpg&width=400
140,Gardasee mit Blick auf den Monte Baldo,1894,landscape,pastel,board,35 x 49.5,Private collection,https://d7hftxdivxxvm.cloudfront.net/?height=400&quality=80&resize_to=fit&src=https%3A%2F%2Fd32dm0rphc51dk.cloudfront.net%2FOWY8e89Pai4Qa9p92UcSMg%2Flarger.jpg&width=400
141,Kaffeeterrasse Unter Den Linden,1920,interior scene,litograph,paper,19.51 x 27,Private collection,https://d7hftxdivxxvm.cloudfront.net/?height=400&quality=80&resize_to=fit&src=https%3A%2F%2Fd32dm0rphc51dk.cloudfront.net%2FoJTTbmAcrWyB4HrhQk6zzw%2Flarger.jpg&width=400
142,Rauchender Zeitungsleser Im Profil,1920,genre scene,etching,wove paper,15.01 x 11.51,Private collection,https://d7hftxdivxxvm.cloudfront.net/?height=400&quality=80&resize_to=fit&src=https%3A%2F%2Fd32dm0rphc51dk.cloudfront.net%2FPmXR6FpzeZLfqU3pGWmxZQ%2Flarger.jpg&width=400
143,Lesende Dame Im Kaffee I,1919,interior scene,litograph,paper,25.7 x 15.49,Private collection,https://d7hftxdivxxvm.cloudfront.net/?height=400&quality=80&resize_to=fit&src=https%3A%2F%2Fd32dm0rphc51dk.cloudfront.net%2FkfqGPuHLUoyl4Ib2wmnzFA%2Flarger.jpg&width=400
144,Abend Im Café Bauer In Berlin,1919,interior scene,litograph,paper,37.21 x 25.5,Private collection,https://d7hftxdivxxvm.cloudfront.net/?height=400&quality=80&resize_to=fit&src=https%3A%2F%2Fd32dm0rphc51dk.cloudfront.net%2F_3pKt6ycLTaClF9zngqXrg%2Flarger.jpg&width=400
145,Junges Mädchen Im Kaffee Mit Straßenblick,1924,interior scene,etching,laid paper,19.71 x 15.01,Private collection,https://d7hftxdivxxvm.cloudfront.net/?height=400&quality=80&resize_to=fit&src=https%3A%2F%2Fd32dm0rphc51dk.cloudfront.net%2FnTcUsVADVYpeP0-Ehe_5MQ%2Flarger.jpg&width=400
146,Zeitungsleser Im Kaffee Mit Stuhllehne Im Vordergrund,1920,interior scene,etching,wove paper,10.21 x 7.01,Private collection,https://d7hftxdivxxvm.cloudfront.net/?height=400&quality=80&resize_to=fit&src=https%3A%2F%2Fd32dm0rphc51dk.cloudfront.net%2FQXHPFuuRHs0N7la8CHcwDg%2Flarger.jpg&width=400
147,Bockwindmühle Vor Sonnenuntergang,1903,landscape,pastel,cardboard,97 x 70.51,Private collection,https://d7hftxdivxxvm.cloudfront.net/?height=400&quality=80&resize_to=fit&src=https%3A%2F%2Fd32dm0rphc51dk.cloudfront.net%2FscdPHiMbIY8Lw76ckDD0Uw%2Flarger.jpg&width=400
148,Landschaft Mit Weißbirken,1890,landscape,oil,canvas,87 x 53.49,Private collection,https://d7hftxdivxxvm.cloudfront.net/?height=400&quality=80&resize_to=fit&src=https%3A%2F%2Fd32dm0rphc51dk.cloudfront.net%2FayDfXiBXHu-o8WeDjIUyXw%2Flarger.jpg&width=400
149,Frau Bei Der Gartenarbeit,1885,genre scene,oil,canvas,25.5 x 31.5,Private collection,https://d7hftxdivxxvm.cloudfront.net/?height=400&quality=80&resize_to=fit&src=https%3A%2F%2Fd32dm0rphc51dk.cloudfront.net%2FsvmU4kHUiM0fnJWizastbg%2Flarger.jpg&width=400
150,Abendstimmung am Grunewaldsee,1910,landscape,oil,canvas,115.49 x 85.39,Private collection,https://d7hftxdivxxvm.cloudfront.net/?height=400&quality=80&resize_to=fit&src=https%3A%2F%2Fd32dm0rphc51dk.cloudfront.net%2Frt4-ThwcBIUoOBBjETzT0g%2Flarger.jpg&width=400
151,"Champs-Elysées mit Arc de Triomphe, Paris",1928,cityscape,pastel,board,35.2 x 50.01,Private collection,https://d7hftxdivxxvm.cloudfront.net/?height=400&quality=80&resize_to=fit&src=https%3A%2F%2Fd32dm0rphc51dk.cloudfront.net%2FFJXSYDVsFn3Dto_tfwn0og%2Flarger.jpg&width=400
152,Siegesallee mit siegessäule im herbst,1925,landscape,pastel,cardboard,35 x 49.81,Private collection,https://d7hftxdivxxvm.cloudfront.net/?height=400&quality=80&resize_to=fit&src=https%3A%2F%2Fd32dm0rphc51dk.cloudfront.net%2FEf14RaQxTs2TeNuNpzLHlw%2Flarger.jpg&width=400
153,Weg am Rheinufer,1924,landscape,oil,canvas,34.01 x 53.01,Private collection,https://d7hftxdivxxvm.cloudfront.net/?height=400&quality=80&resize_to=fit&src=https%3A%2F%2Fd32dm0rphc51dk.cloudfront.net%2FPL1AIyItrmIWIdbpkFGL-w%2Flarger.jpg&width=400
154,Segelregatta am Wannsee,1900,seascape,pastel,cardboard,35.31 x 50.01,Private collection,https://d7hftxdivxxvm.cloudfront.net/?height=400&quality=80&resize_to=fit&src=https%3A%2F%2Fd32dm0rphc51dk.cloudfront.net%2F0sshtlAMuCLj1UI10zH-dQ%2Flarger.jpg&width=400
155,Boulevard in Paris,1928,cityscape,oil,canvas,8.99 x 15.8,Private collection,https://d7hftxdivxxvm.cloudfront.net/?height=400&quality=80&resize_to=fit&src=https%3A%2F%2Fd32dm0rphc51dk.cloudfront.net%2Fv4HJhfi9U8WiSIvvnUtlLQ%2Flarger.jpg&width=400
156,Berliner Strasse bei Nacht,1889,cityscape,oil,canvas,51 x 35.51,Private collection,https://d7hftxdivxxvm.cloudfront.net/?height=400&quality=80&resize_to=fit&src=https%3A%2F%2Fd32dm0rphc51dk.cloudfront.net%2FD7t59ecdIixrT0ZBzM2VjQ%2Flarger.jpg&width=400
157,Hochbahnhof Bülowstrasse bei Nacht,1922,cityscape,oil,canvas,70 x 100.51,Private collection,https://d7hftxdivxxvm.cloudfront.net/?height=400&quality=80&resize_to=fit&src=https%3A%2F%2Fd32dm0rphc51dk.cloudfront.net%2FKcjmRvCNT6eueKFHLjeTiw%2Flarger.jpg&width=400
158,"Victoria Embankment, London",1926,cityscape,pastel,board,35 x 50.01,Private collection,https://d7hftxdivxxvm.cloudfront.net/?height=400&quality=80&resize_to=fit&src=https%3A%2F%2Fd32dm0rphc51dk.cloudfront.net%2FuZYRKl9oAWdUXlvbPqGz9g%2Flarger.jpg&width=400
159,London im Nebel,1926,cityscape,oil,canvas,67.01 x 97,Private collection,https://d7hftxdivxxvm.cloudfront.net/?height=400&quality=80&resize_to=fit&src=https%3A%2F%2Fd32dm0rphc51dk.cloudfront.net%2Fd2ZAX_NUMHx3ghpapIqLpQ%2Flarger.jpg&width=400
160,"Blick auf die Seine, Paris",1928,cityscape,charcoal,cardboard,33 x 48,Private collection,https://d7hftxdivxxvm.cloudfront.net/?height=400&quality=80&resize_to=fit&src=https%3A%2F%2Fd32dm0rphc51dk.cloudfront.net%2FtdVGzi3qIJvF8jqBNum0Nw%2Flarger.jpg&width=400
161,Am Kurfürstendamm,1910,cityscape,oil,canvas,101 x 70.5,Private collection,https://d7hftxdivxxvm.cloudfront.net/?height=400&quality=80&resize_to=fit&src=https%3A%2F%2Fd32dm0rphc51dk.cloudfront.net%2FKS7BzWp99axYB9wYKb5Kuw%2Flarger.jpg&width=400
162,Unter den linden,1925,cityscape,pastel,cardboard,35.51 x 49.71,Private collection,https://d7hftxdivxxvm.cloudfront.net/?height=400&quality=80&resize_to=fit&src=https%3A%2F%2Fd32dm0rphc51dk.cloudfront.net%2FxUvsNUKE33wAHhl8B-KIbg%2Flarger.jpg&width=400
163,Phantastische Gebirgslandschaft,1879,landscape,pen,paper,49.61 x 35.51,Private collection,https://d7hftxdivxxvm.cloudfront.net/?height=400&quality=80&resize_to=fit&src=https%3A%2F%2Fd32dm0rphc51dk.cloudfront.net%2Ft7eupKWY17qz4iCVKGJFog%2Flarger.jpg&width=400
164,"Galerie im Café Vaterland am Potsdamer Platz, Berlin",1920,interior scene,oil,canvas,32.6 x 24.4,Private collection,https://d7hftxdivxxvm.cloudfront.net/?height=400&quality=80&resize_to=fit&src=https%3A%2F%2Fd32dm0rphc51dk.cloudfront.net%2F0htJRVGPg6cw3gDrMO7NeQ%2Flarger.jpg&width=400
165,Berliner Straßenszene mit Pferdedroschken,1900,cityscape,oil,canvas,50.8 x 35.6,Private collection,https://d7hftxdivxxvm.cloudfront.net/?height=400&quality=80&resize_to=fit&src=https%3A%2F%2Fd32dm0rphc51dk.cloudfront.net%2Fq9t7CFyqasvifdfAbPr-SA%2Flarger.jpg&width=400
166,Klippen bei Capri,1890,seascape,oil,canvas,38.3 x 31.09,Private collection,https://d7hftxdivxxvm.cloudfront.net/?height=400&quality=80&resize_to=fit&src=https%3A%2F%2Fd32dm0rphc51dk.cloudfront.net%2Fu4Tt7v7zICn3j0thcAA2tg%2Flarger.jpg&width=400
167,Holländisches Dorf am Kanal mit Windmühle im Hintergrund,1912,village scene,oil,canvas,34.01 x 54,Private collection,https://d7hftxdivxxvm.cloudfront.net/?height=400&quality=80&resize_to=fit&src=https%3A%2F%2Fd32dm0rphc51dk.cloudfront.net%2Fo5Ada1XKWGTBuaeueXf3QA%2Flarger.jpg&width=400
168,Blick über die London Bridge,1926,cityscape,pastel,cardboard,35.51 x 49.91,Private collection,https://d7hftxdivxxvm.cloudfront.net/?height=400&quality=80&resize_to=fit&src=https%3A%2F%2Fd32dm0rphc51dk.cloudfront.net%2FfEdNyumz-X4dfLuP9aZgHw%2Flarger.jpg&width=400
169,Herbstallee,1892,landscape,pastel,cardboard,51.1 x 35.61,Private collection,https://d7hftxdivxxvm.cloudfront.net/?height=400&quality=80&resize_to=fit&src=https%3A%2F%2Fd32dm0rphc51dk.cloudfront.net%2FZqmUQxqG0zY_SVpVdJwD2w%2Flarger.jpg&width=400
170,Strasse im Tiergarten (Berlin),1925,cityscape,pastel,cardboard,35.2 x 50.09,Private collection,https://d7hftxdivxxvm.cloudfront.net/?height=400&quality=80&resize_to=fit&src=https%3A%2F%2Fd32dm0rphc51dk.cloudfront.net%2F-YqRM9qHrtEBK87B96FC-w%2Flarger.jpg&width=400
171,Burgruine am Rhein,1924,landscape,oil,canvas,51 x 37.01,Private collection,https://d7hftxdivxxvm.cloudfront.net/?height=400&quality=80&resize_to=fit&src=https%3A%2F%2Fd32dm0rphc51dk.cloudfront.net%2F9AFjMaONmLv2n7_NKx5_1Q%2Flarger.jpg&width=400
172,Le madeleine,1928,interior scene,oil,canvas,35.51 x 50.8,Private collection,https://d7hftxdivxxvm.cloudfront.net/?height=400&quality=80&resize_to=fit&src=https%3A%2F%2Fd32dm0rphc51dk.cloudfront.net%2FJSaooxKhRF107vaZRLoawA%2Flarger.jpg&width=400
173,Jakob segnet Benjamin,1884,biblical scene,pastel,cardboard,22.4 x 26.11,Private collection,https://d7hftxdivxxvm.cloudfront.net/?height=400&quality=80&resize_to=fit&src=https%3A%2F%2Fd32dm0rphc51dk.cloudfront.net%2FSBHRO18DdekL4lCLhL7g6w%2Flarger.jpg&width=400
174,Flussansicht mit Brücke,1881,landscape,oil,panel,9.5 x 16.51,Private collection,https://d7hftxdivxxvm.cloudfront.net/?height=400&quality=80&resize_to=fit&src=https%3A%2F%2Fd32dm0rphc51dk.cloudfront.net%2Fr4I-TCPJOtkapLL1gHkW3g%2Flarger.jpg&width=400
175,Landschaft mit Kühen an einem Kanal,1894,landscape,pastel,paper,93.98 x 71.12,Private collection,https://d7hftxdivxxvm.cloudfront.net/?height=400&quality=80&resize_to=fit&src=https%3A%2F%2Fd32dm0rphc51dk.cloudfront.net%2FhJYTgSCSxySxV19P_T5jtg%2Flarger.jpg&width=400
176,Dorfstraße mit einer Pferdekutsche,1890,village scene,oil,panel,12.7 x 22.86,Private collection,https://d7hftxdivxxvm.cloudfront.net/?height=400&quality=80&resize_to=fit&src=https%3A%2F%2Fd32dm0rphc51dk.cloudfront.net%2FQ-likJ9z2XbDB42DEn-6sw%2Flarger.jpg&width=400
177,Sonnenuntergang am Grunewaldsee,1900,landscape,oil,canvas,68.58 x 101.6,Private collection,https://d7hftxdivxxvm.cloudfront.net/?height=400&quality=80&resize_to=fit&src=https%3A%2F%2Fd32dm0rphc51dk.cloudfront.net%2Fbsp8TKKCBhzQ4y5bPAlqdg%2Flarger.jpg&width=400
178,"Sonnenaufgang, Paris",1928,cityscape,pastel,paper,35.56 x 50.8,Private collection,https://d7hftxdivxxvm.cloudfront.net/?height=400&quality=80&resize_to=fit&src=https%3A%2F%2Fd32dm0rphc51dk.cloudfront.net%2FIxj-O81yXQqI-6Vw1IBX5g%2Flarger.jpg&width=400
179,David im Gebet,1910,biblical scene,oil,canvas,53.3 x 77.2 ,Private collection,https://media.mutualart.com/Images/2009_07/06/0119/495646/63566bfd-47da-44a0-8506-5305a2aaf66b_g_570.Jpeg
180,"Straßenszene, Berlin",1888,cityscape,oil,panel,22.86 x 12.7,Private collection,https://d7hftxdivxxvm.cloudfront.net/?height=400&quality=80&resize_to=fit&src=https%3A%2F%2Fd32dm0rphc51dk.cloudfront.net%2Fho2f1nrW2mgPRs1sAqjeCg%2Flarger.jpg&width=400
181,Siegesallee with victory column in autumn,1920,landscape,pastel,paper,35.56 x 48.26,Private collection,https://d7hftxdivxxvm.cloudfront.net/?height=400&quality=80&resize_to=fit&src=https%3A%2F%2Fd32dm0rphc51dk.cloudfront.net%2FAiMa6Mn6SdueZUcmpSWekw%2Flarger.jpg&width=400
182,München,1919,cityscape,oil,canvas,43.18 x 33.02,Private collection,https://d7hftxdivxxvm.cloudfront.net/?height=400&quality=80&resize_to=fit&src=https%3A%2F%2Fd32dm0rphc51dk.cloudfront.net%2FkDyBM54bxsXivrsaITmImw%2Flarger.jpg&width=400
